team1,team2,team1_score,team2_score,season,matched_played1,total_point1,matched_played2,total_point2
u mumba,jaipur pink panthers,45.0,31.0,season 1,16.0,550.0,16.0,579.0
bengaluru bulls,dabang delhi,47.0,28.0,season 1,16.0,498.0,14.0,456.0
bengaluru bulls,puneri paltan,40.0,37.0,season 1,16.0,498.0,14.0,405.0
u mumba,bengal warriors,36.0,25.0,season 1,16.0,550.0,14.0,430.0
dabang delhi,puneri paltan,35.0,31.0,season 1,14.0,456.0,14.0,405.0
u mumba,patna pirates,36.0,33.0,season 1,16.0,550.0,16.0,504.0
bengaluru bulls,bengal warriors,46.0,30.0,season 1,16.0,498.0,14.0,430.0
jaipur pink panthers,telugu titans,46.0,32.0,season 1,16.0,579.0,14.0,497.0
bengal warriors,dabang delhi,42.0,40.0,season 1,14.0,430.0,14.0,456.0
patna pirates,telugu titans,38.0,35.0,season 1,16.0,504.0,14.0,497.0
bengal warriors,puneri paltan,38.0,35.0,season 1,14.0,430.0,14.0,405.0
jaipur pink panthers,patna pirates,40.0,18.0,season 1,16.0,579.0,16.0,504.0
u mumba,bengal warriors,38.0,29.0,season 1,16.0,550.0,14.0,430.0
telugu titans,dabang delhi,39.0,35.0,season 1,14.0,497.0,14.0,456.0
puneri paltan,bengaluru bulls,33.0,31.0,season 1,14.0,405.0,16.0,498.0
u mumba,puneri paltan,44.0,28.0,season 1,16.0,550.0,14.0,405.0
patna pirates,dabang delhi,36.0,31.0,season 1,16.0,504.0,14.0,456.0
u mumba,bengaluru bulls,45.0,34.0,season 1,16.0,550.0,16.0,498.0
jaipur pink panthers,dabang delhi,40.0,31.0,season 1,16.0,579.0,14.0,456.0
dabang delhi,bengal warriors,46.0,36.0,season 1,14.0,456.0,14.0,430.0
patna pirates,puneri paltan,35.0,27.0,season 1,16.0,504.0,14.0,405.0
bengal warriors,telugu titans,40.0,35.0,season 1,14.0,430.0,14.0,497.0
jaipur pink panthers,telugu titans,49.0,29.0,season 1,16.0,579.0,14.0,497.0
jaipur pink panthers,bengal warriors,39.0,23.0,season 1,16.0,579.0,14.0,430.0
bengaluru bulls,patna pirates,37.0,35.0,season 1,16.0,498.0,16.0,504.0
telugu titans,puneri paltan,42.0,36.0,season 1,14.0,497.0,14.0,405.0
bengaluru bulls,u mumba,33.0,30.0,season 1,16.0,498.0,16.0,550.0
puneri paltan,bengal warriors,40.0,30.0,season 1,14.0,405.0,14.0,430.0
dabang delhi,bengaluru bulls,29.0,27.0,season 1,14.0,456.0,16.0,498.0
jaipur pink panthers,puneri paltan,50.0,23.0,season 1,16.0,579.0,14.0,405.0
dabang delhi,u mumba,36.0,27.0,season 1,14.0,456.0,16.0,550.0
patna pirates,puneri paltan,37.0,31.0,season 1,16.0,504.0,14.0,405.0
jaipur pink panthers,bengal warriors,41.0,33.0,season 1,16.0,579.0,14.0,430.0
patna pirates,jaipur pink panthers,52.0,30.0,season 1,16.0,504.0,16.0,579.0
telugu titans,u mumba,44.0,43.0,season 1,14.0,497.0,16.0,550.0
bengal warriors,patna pirates,30.0,28.0,season 1,14.0,430.0,16.0,504.0
telugu titans,puneri paltan,60.0,24.0,season 1,14.0,497.0,14.0,405.0
telugu titans,dabang delhi,45.0,26.0,season 1,14.0,497.0,14.0,456.0
jaipur pink panthers,bengaluru bulls,36.0,31.0,season 1,16.0,579.0,16.0,498.0
patna pirates,bengal warriors,36.0,32.0,season 1,16.0,504.0,14.0,430.0
jaipur pink panthers,dabang delhi,41.0,31.0,season 1,16.0,579.0,14.0,456.0
telugu titans,patna pirates,32.0,29.0,season 1,14.0,497.0,16.0,504.0
jaipur pink panthers,puneri paltan,33.0,27.0,season 1,16.0,579.0,14.0,405.0
bengaluru bulls,bengal warriors,37.0,24.0,season 1,16.0,498.0,14.0,430.0
u mumba,dabang delhi,37.0,30.0,season 1,16.0,550.0,14.0,456.0
dabang delhi,puneri paltan,45.0,22.0,season 1,14.0,456.0,14.0,405.0
patna pirates,bengaluru bulls,33.0,31.0,season 1,16.0,504.0,16.0,498.0
bengaluru bulls,telugu titans,27.0,26.0,season 1,16.0,498.0,14.0,497.0
u mumba,puneri paltan,36.0,35.0,season 1,16.0,550.0,14.0,405.0
bengaluru bulls,jaipur pink panthers,30.0,29.0,season 1,16.0,498.0,16.0,579.0
jaipur pink panthers,patna pirates,38.0,18.0,season 1,16.0,579.0,16.0,504.0
u mumba,bengaluru bulls,27.0,23.0,season 1,16.0,550.0,16.0,498.0
patna pirates,bengaluru bulls,29.0,22.0,season 1,16.0,504.0,16.0,498.0
jaipur pink panthers,u mumba,35.0,24.0,season 1,16.0,579.0,16.0,550.0
u mumba,jaipur pink panthers,29.0,28.0,season 2,16.0,489.0,14.0,442.0
bengaluru bulls,bengal warriors,33.0,25.0,season 2,16.0,508.0,14.0,367.0
telugu titans,dabang delhi,36.0,27.0,season 2,16.0,586.0,14.0,396.0
u mumba,bengaluru bulls,36.0,23.0,season 2,16.0,489.0,16.0,508.0
telugu titans,puneri paltan,45.0,24.0,season 2,16.0,586.0,14.0,391.0
u mumba,patna pirates,25.0,20.0,season 2,16.0,489.0,16.0,444.0
u mumba,puneri paltan,28.0,21.0,season 2,16.0,489.0,14.0,391.0
bengal warriors,jaipur pink panthers,28.0,26.0,season 2,14.0,367.0,14.0,442.0
bengaluru bulls,patna pirates,31.0,26.0,season 2,16.0,508.0,16.0,444.0
telugu titans,bengal warriors,32.0,30.0,season 2,16.0,586.0,14.0,367.0
dabang delhi,puneri paltan,38.0,37.0,season 2,14.0,396.0,14.0,391.0
u mumba,bengal warriors,29.0,25.0,season 2,16.0,489.0,14.0,367.0
bengaluru bulls,puneri paltan,31.0,26.0,season 2,16.0,508.0,14.0,391.0
dabang delhi,bengal warriors,32.0,21.0,season 2,14.0,396.0,14.0,367.0
patna pirates,jaipur pink panthers,29.0,23.0,season 2,16.0,444.0,14.0,442.0
u mumba,telugu titans,27.0,26.0,season 2,16.0,489.0,16.0,586.0
bengaluru bulls,dabang delhi,33.0,18.0,season 2,16.0,508.0,14.0,396.0
telugu titans,jaipur pink panthers,33.0,22.0,season 2,16.0,586.0,14.0,442.0
jaipur pink panthers,bengaluru bulls,36.0,23.0,season 2,14.0,442.0,16.0,508.0
puneri paltan,bengal warriors,33.0,29.0,season 2,14.0,391.0,14.0,367.0
dabang delhi,jaipur pink panthers,35.0,27.0,season 2,14.0,396.0,14.0,442.0
telugu titans,patna pirates,34.0,22.0,season 2,16.0,586.0,16.0,444.0
bengaluru bulls,telugu titans,35.0,21.0,season 2,16.0,508.0,16.0,586.0
patna pirates,dabang delhi,39.0,22.0,season 2,16.0,444.0,14.0,396.0
u mumba,dabang delhi,27.0,22.0,season 2,16.0,489.0,14.0,396.0
patna pirates,puneri paltan,32.0,28.0,season 2,16.0,444.0,14.0,391.0
jaipur pink panthers,puneri paltan,35.0,29.0,season 2,14.0,442.0,14.0,391.0
u mumba,dabang delhi,29.0,25.0,season 2,16.0,489.0,14.0,396.0
telugu titans,bengal warriors,44.0,28.0,season 2,16.0,586.0,14.0,367.0
bengaluru bulls,bengal warriors,33.0,22.0,season 2,16.0,508.0,14.0,367.0
telugu titans,patna pirates,54.0,32.0,season 2,16.0,586.0,16.0,444.0
jaipur pink panthers,u mumba,35.0,25.0,season 2,14.0,442.0,16.0,489.0
bengal warriors,dabang delhi,20.0,17.0,season 2,14.0,367.0,14.0,396.0
patna pirates,bengaluru bulls,30.0,28.0,season 2,16.0,444.0,16.0,508.0
u mumba,bengal warriors,31.0,17.0,season 2,16.0,489.0,14.0,367.0
dabang delhi,patna pirates,45.0,26.0,season 2,14.0,396.0,16.0,444.0
jaipur pink panthers,dabang delhi,51.0,21.0,season 2,14.0,442.0,14.0,396.0
jaipur pink panthers,puneri paltan,31.0,18.0,season 2,14.0,442.0,14.0,391.0
u mumba,bengaluru bulls,36.0,29.0,season 2,16.0,489.0,16.0,508.0
bengal warriors,puneri paltan,31.0,28.0,season 2,14.0,367.0,14.0,391.0
jaipur pink panthers,bengaluru bulls,27.0,25.0,season 2,14.0,442.0,16.0,508.0
patna pirates,bengal warriors,34.0,32.0,season 2,16.0,444.0,14.0,367.0
bengaluru bulls,dabang delhi,40.0,21.0,season 2,16.0,508.0,14.0,396.0
u mumba,patna pirates,32.0,27.0,season 2,16.0,489.0,16.0,444.0
bengaluru bulls,telugu titans,43.0,29.0,season 2,16.0,508.0,16.0,586.0
puneri paltan,dabang delhi,33.0,28.0,season 2,14.0,391.0,14.0,396.0
bengal warriors,jaipur pink panthers,39.0,38.0,season 2,14.0,367.0,14.0,442.0
u mumba,puneri paltan,39.0,34.0,season 2,16.0,489.0,14.0,391.0
telugu titans,u mumba,46.0,25.0,season 2,16.0,586.0,16.0,489.0
patna pirates,puneri paltan,38.0,21.0,season 2,16.0,444.0,14.0,391.0
patna pirates,jaipur pink panthers,26.0,24.0,season 2,16.0,444.0,14.0,442.0
bengaluru bulls,puneri paltan,31.0,30.0,season 2,16.0,508.0,14.0,391.0
bengaluru bulls,telugu titans,39.0,38.0,season 2,16.0,508.0,16.0,586.0
u mumba,patna pirates,35.0,18.0,season 2,16.0,489.0,16.0,444.0
telugu titans,patna pirates,34.0,26.0,season 2,16.0,586.0,16.0,444.0
u mumba,bengaluru bulls,36.0,30.0,season 2,16.0,489.0,16.0,508.0
u mumba,telugu titans,27.0,25.0,season 3,16.0,502.0,14.0,427.0
bengaluru bulls,dabang delhi,35.0,29.0,season 3,14.0,362.0,14.0,384.0
jaipur pink panthers,u mumba,27.0,18.0,season 3,14.0,364.0,16.0,502.0
telugu titans,puneri paltan,27.0,26.0,season 3,14.0,427.0,16.0,510.0
patna pirates,jaipur pink panthers,29.0,28.0,season 3,16.0,594.0,14.0,364.0
telugu titans,dabang delhi,45.0,34.0,season 3,14.0,427.0,14.0,384.0
bengal warriors,telugu titans,25.0,17.0,season 3,16.0,460.0,14.0,427.0
patna pirates,bengaluru bulls,33.0,24.0,season 3,16.0,594.0,14.0,362.0
puneri paltan,dabang delhi,38.0,20.0,season 3,16.0,510.0,14.0,384.0
bengal warriors,bengaluru bulls,34.0,24.0,season 3,16.0,460.0,14.0,362.0
u mumba,dabang delhi,30.0,17.0,season 3,16.0,502.0,14.0,384.0
bengaluru bulls,jaipur pink panthers,36.0,26.0,season 3,14.0,362.0,14.0,364.0
patna pirates,u mumba,40.0,26.0,season 3,16.0,594.0,16.0,502.0
telugu titans,bengaluru bulls,35.0,26.0,season 3,14.0,427.0,14.0,362.0
bengal warriors,puneri paltan,33.0,28.0,season 3,16.0,460.0,16.0,510.0
jaipur pink panthers,dabang delhi,39.0,34.0,season 3,14.0,364.0,14.0,384.0
patna pirates,telugu titans,29.0,25.0,season 3,16.0,594.0,14.0,427.0
bengal warriors,dabang delhi,34.0,17.0,season 3,16.0,460.0,14.0,384.0
patna pirates,bengal warriors,36.0,31.0,season 3,16.0,594.0,16.0,460.0
u mumba,bengaluru bulls,29.0,28.0,season 3,16.0,502.0,14.0,362.0
bengal warriors,jaipur pink panthers,34.0,20.0,season 3,16.0,460.0,14.0,364.0
patna pirates,dabang delhi,47.0,34.0,season 3,16.0,594.0,14.0,384.0
telugu titans,jaipur pink panthers,27.0,25.0,season 3,14.0,427.0,14.0,364.0
u mumba,puneri paltan,29.0,27.0,season 3,16.0,502.0,16.0,510.0
u mumba,bengal warriors,32.0,21.0,season 3,16.0,502.0,16.0,460.0
puneri paltan,bengaluru bulls,29.0,27.0,season 3,16.0,510.0,14.0,362.0
patna pirates,bengal warriors,32.0,27.0,season 3,16.0,594.0,16.0,460.0
jaipur pink panthers,telugu titans,35.0,26.0,season 3,14.0,364.0,14.0,427.0
patna pirates,bengaluru bulls,36.0,32.0,season 3,16.0,594.0,14.0,362.0
dabang delhi,bengaluru bulls,35.0,21.0,season 3,14.0,384.0,14.0,362.0
bengal warriors,telugu titans,32.0,28.0,season 3,16.0,460.0,14.0,427.0
u mumba,patna pirates,34.0,28.0,season 3,16.0,502.0,16.0,594.0
jaipur pink panthers,bengaluru bulls,30.0,21.0,season 3,14.0,364.0,14.0,362.0
puneri paltan,dabang delhi,32.0,22.0,season 3,16.0,510.0,14.0,384.0
telugu titans,bengaluru bulls,40.0,22.0,season 3,14.0,427.0,14.0,362.0
puneri paltan,jaipur pink panthers,33.0,18.0,season 3,16.0,510.0,14.0,364.0
bengal warriors,jaipur pink panthers,34.0,18.0,season 3,16.0,460.0,14.0,364.0
u mumba,bengal warriors,30.0,17.0,season 3,16.0,502.0,16.0,460.0
patna pirates,jaipur pink panthers,47.0,24.0,season 3,16.0,594.0,14.0,364.0
telugu titans,dabang delhi,44.0,36.0,season 3,14.0,427.0,14.0,384.0
u mumba,bengaluru bulls,39.0,18.0,season 3,16.0,502.0,14.0,362.0
patna pirates,dabang delhi,67.0,34.0,season 3,16.0,594.0,14.0,384.0
puneri paltan,telugu titans,41.0,24.0,season 3,16.0,510.0,14.0,427.0
puneri paltan,bengaluru bulls,44.0,27.0,season 3,16.0,510.0,14.0,362.0
bengal warriors,dabang delhi,37.0,31.0,season 3,16.0,460.0,14.0,384.0
u mumba,jaipur pink panthers,35.0,21.0,season 3,16.0,502.0,14.0,364.0
telugu titans,patna pirates,42.0,41.0,season 3,14.0,427.0,16.0,594.0
u mumba,puneri paltan,30.0,27.0,season 3,16.0,502.0,16.0,510.0
bengal warriors,bengaluru bulls,26.0,22.0,season 3,16.0,460.0,14.0,362.0
u mumba,telugu titans,38.0,22.0,season 3,16.0,502.0,14.0,427.0
puneri paltan,bengal warriors,43.0,19.0,season 3,16.0,510.0,16.0,460.0
u mumba,dabang delhi,36.0,20.0,season 3,16.0,502.0,14.0,384.0
patna pirates,puneri paltan,40.0,21.0,season 3,16.0,594.0,16.0,510.0
u mumba,bengal warriors,41.0,29.0,season 3,16.0,502.0,16.0,460.0
puneri paltan,bengal warriors,31.0,27.0,season 3,16.0,510.0,16.0,460.0
patna pirates,u mumba,31.0,28.0,season 3,16.0,594.0,16.0,502.0
puneri paltan,telugu titans,28.0,24.0,season 4,16.0,515.0,16.0,506.0
u mumba,jaipur pink panthers,36.0,34.0,season 4,14.0,399.0,16.0,475.0
bengaluru bulls,bengal warriors,24.0,23.0,season 4,14.0,360.0,14.0,378.0
puneri paltan,u mumba,41.0,19.0,season 4,16.0,515.0,14.0,399.0
bengal warriors,dabang delhi,31.0,23.0,season 4,14.0,378.0,14.0,419.0
patna pirates,puneri paltan,30.0,24.0,season 4,16.0,492.0,16.0,515.0
jaipur pink panthers,telugu titans,28.0,24.0,season 4,16.0,475.0,16.0,506.0
patna pirates,u mumba,36.0,34.0,season 4,16.0,492.0,14.0,399.0
u mumba,dabang delhi,27.0,25.0,season 4,14.0,399.0,14.0,419.0
jaipur pink panthers,bengal warriors,36.0,33.0,season 4,16.0,475.0,14.0,378.0
dabang delhi,bengaluru bulls,32.0,24.0,season 4,14.0,419.0,14.0,360.0
puneri paltan,jaipur pink panthers,33.0,28.0,season 4,16.0,515.0,16.0,475.0
patna pirates,telugu titans,35.0,33.0,season 4,16.0,492.0,16.0,506.0
u mumba,bengal warriors,26.0,18.0,season 4,14.0,399.0,14.0,378.0
bengaluru bulls,puneri paltan,29.0,27.0,season 4,14.0,360.0,16.0,515.0
telugu titans,bengal warriors,35.0,18.0,season 4,16.0,506.0,14.0,378.0
bengaluru bulls,telugu titans,30.0,28.0,season 4,14.0,360.0,16.0,506.0
jaipur pink panthers,dabang delhi,51.0,26.0,season 4,16.0,475.0,14.0,419.0
telugu titans,u mumba,35.0,30.0,season 4,16.0,506.0,14.0,399.0
patna pirates,bengaluru bulls,31.0,25.0,season 4,16.0,492.0,14.0,360.0
u mumba,bengaluru bulls,24.0,23.0,season 4,14.0,399.0,14.0,360.0
patna pirates,bengal warriors,35.0,21.0,season 4,16.0,492.0,14.0,378.0
puneri paltan,bengal warriors,38.0,31.0,season 4,16.0,515.0,14.0,378.0
dabang delhi,patna pirates,33.0,15.0,season 4,14.0,419.0,16.0,492.0
telugu titans,dabang delhi,28.0,23.0,season 4,16.0,506.0,14.0,419.0
jaipur pink panthers,patna pirates,26.0,21.0,season 4,16.0,475.0,16.0,492.0
telugu titans,bengaluru bulls,32.0,24.0,season 4,16.0,506.0,14.0,360.0
jaipur pink panthers,bengaluru bulls,24.0,22.0,season 4,16.0,475.0,14.0,360.0
u mumba,jaipur pink panthers,29.0,23.0,season 4,14.0,399.0,16.0,475.0
patna pirates,bengaluru bulls,38.0,23.0,season 4,16.0,492.0,14.0,360.0
telugu titans,puneri paltan,32.0,29.0,season 4,16.0,506.0,16.0,515.0
dabang delhi,bengaluru bulls,40.0,20.0,season 4,14.0,419.0,14.0,360.0
bengal warriors,jaipur pink panthers,32.0,25.0,season 4,14.0,378.0,16.0,475.0
patna pirates,u mumba,34.0,24.0,season 4,16.0,492.0,14.0,399.0
jaipur pink panthers,puneri paltan,33.0,27.0,season 4,16.0,475.0,16.0,515.0
patna pirates,bengal warriors,33.0,27.0,season 4,16.0,492.0,14.0,378.0
telugu titans,dabang delhi,36.0,28.0,season 4,16.0,506.0,14.0,419.0
bengaluru bulls,bengal warriors,27.0,25.0,season 4,14.0,360.0,14.0,378.0
u mumba,puneri paltan,34.0,31.0,season 4,14.0,399.0,16.0,515.0
jaipur pink panthers,dabang delhi,24.0,22.0,season 4,16.0,475.0,14.0,419.0
jaipur pink panthers,patna pirates,29.0,22.0,season 4,16.0,475.0,16.0,492.0
bengal warriors,u mumba,31.0,27.0,season 4,14.0,378.0,14.0,399.0
patna pirates,puneri paltan,31.0,28.0,season 4,16.0,492.0,16.0,515.0
bengaluru bulls,u mumba,28.0,27.0,season 4,14.0,360.0,14.0,399.0
dabang delhi,bengal warriors,41.0,20.0,season 4,14.0,419.0,14.0,378.0
telugu titans,jaipur pink panthers,35.0,23.0,season 4,16.0,506.0,16.0,475.0
patna pirates,dabang delhi,32.0,31.0,season 4,16.0,492.0,14.0,419.0
telugu titans,patna pirates,46.0,25.0,season 4,16.0,506.0,16.0,492.0
puneri paltan,dabang delhi,39.0,34.0,season 4,16.0,515.0,14.0,419.0
puneri paltan,bengaluru bulls,36.0,33.0,season 4,16.0,515.0,14.0,360.0
u mumba,dabang delhi,38.0,34.0,season 4,14.0,399.0,14.0,419.0
patna pirates,puneri paltan,37.0,33.0,season 4,16.0,492.0,16.0,515.0
jaipur pink panthers,telugu titans,34.0,24.0,season 4,16.0,475.0,16.0,506.0
puneri paltan,telugu titans,40.0,35.0,season 4,16.0,515.0,16.0,506.0
patna pirates,jaipur pink panthers,37.0,29.0,season 4,16.0,492.0,16.0,475.0
puneri paltan,u mumba,33.0,21.0,season 5,24.0,766.0,22.0,707.0
dabang delhi,jaipur pink panthers,30.0,26.0,season 5,,,,
patna pirates,telugu titans,35.0,29.0,season 5,26.0,1050.0,22.0,696.0
u mumba,haryana steelers,29.0,28.0,season 5,22.0,707.0,23.0,727.0
bengaluru bulls,telugu titans,31.0,21.0,season 5,22.0,689.0,22.0,696.0
gujarat fortunegiants,dabang delhi,26.0,20.0,season 5,24.0,775.0,,
u.p. yoddha,telugu titans,31.0,18.0,season 5,23.0,762.0,22.0,696.0
bengal warriors,telugu titans,30.0,24.0,season 5,24.0,749.0,22.0,696.0
patna pirates,telugu titans,43.0,36.0,season 5,26.0,1050.0,22.0,696.0
bengaluru bulls,tamil thalaivas,32.0,31.0,season 5,22.0,689.0,22.0,681.0
puneri paltan,dabang delhi,26.0,21.0,season 5,24.0,766.0,,
u mumba,dabang delhi,36.0,22.0,season 5,22.0,707.0,,
u.p. yoddha,bengaluru bulls,32.0,27.0,season 5,23.0,762.0,22.0,689.0
bengal warriors,u.p. yoddha,40.0,20.0,season 5,24.0,749.0,23.0,762.0
patna pirates,bengaluru bulls,46.0,32.0,season 5,26.0,1050.0,22.0,689.0
haryana steelers,gujarat fortunegiants,32.0,20.0,season 5,23.0,727.0,24.0,775.0
bengaluru bulls,bengal warriors,31.0,25.0,season 5,22.0,689.0,24.0,749.0
jaipur pink panthers,puneri paltan,30.0,28.0,season 5,,,24.0,766.0
tamil thalaivas,bengaluru bulls,29.0,24.0,season 5,22.0,681.0,22.0,689.0
gujarat fortunegiants,u mumba,39.0,21.0,season 5,24.0,775.0,22.0,707.0
u.p. yoddha,telugu titans,39.0,32.0,season 5,23.0,762.0,22.0,696.0
gujarat fortunegiants,dabang delhi,29.0,25.0,season 5,24.0,775.0,,
gujarat fortunegiants,jaipur pink panthers,27.0,20.0,season 5,24.0,775.0,,
puneri paltan,bengal warriors,34.0,17.0,season 5,24.0,766.0,24.0,749.0
gujarat fortunegiants,bengaluru bulls,27.0,24.0,season 5,24.0,775.0,22.0,689.0
gujarat fortunegiants,telugu titans,29.0,19.0,season 5,24.0,775.0,22.0,696.0
dabang delhi,tamil thalaivas,30.0,29.0,season 5,,,22.0,681.0
u mumba,u.p. yoddha,37.0,34.0,season 5,22.0,707.0,23.0,762.0
jaipur pink panthers,bengaluru bulls,30.0,28.0,season 5,,,22.0,689.0
telugu titans,u mumba,37.0,32.0,season 5,22.0,696.0,22.0,707.0
haryana steelers,u.p. yoddha,36.0,29.0,season 5,23.0,727.0,23.0,762.0
puneri paltan,patna pirates,47.0,42.0,season 5,24.0,766.0,26.0,1050.0
jaipur pink panthers,u.p. yoddha,24.0,22.0,season 5,,,23.0,762.0
gujarat fortunegiants,puneri paltan,35.0,21.0,season 5,24.0,775.0,24.0,766.0
bengal warriors,u.p. yoddha,32.0,31.0,season 5,24.0,749.0,23.0,762.0
haryana steelers,dabang delhi,27.0,25.0,season 5,23.0,727.0,,
u.p. yoddha,telugu titans,25.0,23.0,season 5,23.0,762.0,22.0,696.0
jaipur pink panthers,u mumba,39.0,36.0,season 5,,,22.0,707.0
patna pirates,tamil thalaivas,35.0,24.0,season 5,26.0,1050.0,22.0,681.0
puneri paltan,u mumba,26.0,24.0,season 5,24.0,766.0,22.0,707.0
bengal warriors,bengaluru bulls,32.0,26.0,season 5,24.0,749.0,22.0,689.0
dabang delhi,u mumba,33.0,32.0,season 5,,,22.0,707.0
u mumba,haryana steelers,38.0,32.0,season 5,22.0,707.0,23.0,727.0
telugu titans,tamil thalaivas,33.0,28.0,season 5,22.0,696.0,22.0,681.0
u mumba,jaipur pink panthers,36.0,32.0,season 5,22.0,707.0,,
bengal warriors,patna pirates,41.0,38.0,season 5,24.0,749.0,26.0,1050.0
haryana steelers,gujarat fortunegiants,42.0,36.0,season 5,23.0,727.0,24.0,775.0
jaipur pink panthers,gujarat fortunegiants,31.0,25.0,season 5,,,24.0,775.0
bengal warriors,tamil thalaivas,29.0,25.0,season 5,24.0,749.0,22.0,681.0
patna pirates,jaipur pink panthers,47.0,21.0,season 5,26.0,1050.0,,
haryana steelers,bengal warriors,36.0,29.0,season 5,23.0,727.0,24.0,749.0
dabang delhi,bengaluru bulls,38.0,30.0,season 5,,,22.0,689.0
u mumba,bengal warriors,37.0,31.0,season 5,22.0,707.0,24.0,749.0
puneri paltan,telugu titans,42.0,37.0,season 5,24.0,766.0,22.0,696.0
u mumba,patna pirates,51.0,41.0,season 5,22.0,707.0,26.0,1050.0
haryana steelers,bengaluru bulls,38.0,31.0,season 5,23.0,727.0,22.0,689.0
bengaluru bulls,puneri paltan,24.0,20.0,season 5,22.0,689.0,24.0,766.0
telugu titans,haryana steelers,37.0,19.0,season 5,22.0,696.0,23.0,727.0
bengal warriors,telugu titans,32.0,31.0,season 5,24.0,749.0,22.0,696.0
haryana steelers,dabang delhi,27.0,24.0,season 5,23.0,727.0,,
tamil thalaivas,u.p. yoddha,34.0,33.0,season 5,22.0,681.0,23.0,762.0
puneri paltan,haryana steelers,38.0,22.0,season 5,24.0,766.0,23.0,727.0
patna pirates,telugu titans,46.0,30.0,season 5,26.0,1050.0,22.0,696.0
gujarat fortunegiants,u mumba,39.0,28.0,season 5,24.0,775.0,22.0,707.0
patna pirates,u.p. yoddha,45.0,42.0,season 5,26.0,1050.0,23.0,762.0
jaipur pink panthers,dabang delhi,36.0,25.0,season 5,,,,
puneri paltan,haryana steelers,37.0,25.0,season 5,24.0,766.0,23.0,727.0
patna pirates,bengaluru bulls,36.0,32.0,season 5,26.0,1050.0,22.0,689.0
gujarat fortunegiants,u mumba,45.0,23.0,season 5,24.0,775.0,22.0,707.0
patna pirates,tamil thalaivas,41.0,39.0,season 5,26.0,1050.0,22.0,681.0
haryana steelers,jaipur pink panthers,30.0,26.0,season 5,23.0,727.0,,
u.p. yoddha,patna pirates,46.0,41.0,season 5,23.0,762.0,26.0,1050.0
u mumba,dabang delhi,30.0,28.0,season 5,22.0,707.0,,
bengal warriors,bengaluru bulls,33.0,29.0,season 5,24.0,749.0,22.0,689.0
puneri paltan,dabang delhi,34.0,29.0,season 5,24.0,766.0,,
tamil thalaivas,bengal warriors,33.0,32.0,season 5,22.0,681.0,24.0,749.0
haryana steelers,dabang delhi,42.0,24.0,season 5,23.0,727.0,,
tamil thalaivas,gujarat fortunegiants,35.0,34.0,season 5,22.0,681.0,24.0,775.0
patna pirates,dabang delhi,36.0,34.0,season 5,26.0,1050.0,,
telugu titans,jaipur pink panthers,41.0,34.0,season 5,22.0,696.0,,
u.p. yoddha,dabang delhi,45.0,16.0,season 5,23.0,762.0,,
u mumba,bengaluru bulls,42.0,30.0,season 5,22.0,707.0,22.0,689.0
telugu titans,dabang delhi,44.0,22.0,season 5,22.0,696.0,,
puneri paltan,tamil thalaivas,33.0,20.0,season 5,24.0,766.0,22.0,681.0
gujarat fortunegiants,patna pirates,30.0,29.0,season 5,24.0,775.0,26.0,1050.0
puneri paltan,u.p. yoddha,34.0,33.0,season 5,24.0,766.0,23.0,762.0
jaipur pink panthers,tamil thalaivas,27.0,26.0,season 5,,,22.0,681.0
bengal warriors,jaipur pink panthers,32.0,31.0,season 5,24.0,749.0,,
u mumba,tamil thalaivas,33.0,30.0,season 5,22.0,707.0,22.0,681.0
gujarat fortunegiants,dabang delhi,42.0,22.0,season 5,24.0,775.0,,
telugu titans,tamil thalaivas,58.0,37.0,season 5,22.0,696.0,22.0,681.0
haryana steelers,u mumba,41.0,30.0,season 5,23.0,727.0,22.0,707.0
u.p. yoddha,tamil thalaivas,37.0,33.0,season 5,23.0,762.0,22.0,681.0
bengaluru bulls,tamil thalaivas,45.0,35.0,season 5,22.0,689.0,22.0,681.0
gujarat fortunegiants,jaipur pink panthers,29.0,23.0,season 5,24.0,775.0,,
bengal warriors,puneri paltan,25.0,19.0,season 5,24.0,749.0,24.0,766.0
haryana steelers,telugu titans,32.0,30.0,season 5,23.0,727.0,22.0,696.0
jaipur pink panthers,u mumba,36.0,32.0,season 5,,,22.0,707.0
gujarat fortunegiants,patna pirates,33.0,29.0,season 5,24.0,775.0,26.0,1050.0
puneri paltan,jaipur pink panthers,38.0,30.0,season 5,24.0,766.0,,
tamil thalaivas,u mumba,38.0,35.0,season 5,22.0,681.0,22.0,707.0
dabang delhi,jaipur pink panthers,35.0,34.0,season 5,,,,
bengaluru bulls,dabang delhi,35.0,32.0,season 5,22.0,689.0,,
haryana steelers,jaipur pink panthers,37.0,27.0,season 5,23.0,727.0,,
u.p. yoddha,jaipur pink panthers,53.0,32.0,season 5,23.0,762.0,,
gujarat fortunegiants,puneri paltan,44.0,20.0,season 5,24.0,775.0,24.0,766.0
bengal warriors,tamil thalaivas,34.0,30.0,season 5,24.0,749.0,22.0,681.0
tamil thalaivas,patna pirates,40.0,37.0,season 5,22.0,681.0,26.0,1050.0
puneri paltan,u mumba,43.0,24.0,season 5,24.0,766.0,22.0,707.0
bengaluru bulls,u.p. yoddha,38.0,32.0,season 5,22.0,689.0,23.0,762.0
puneri paltan,dabang delhi,34.0,31.0,season 5,24.0,766.0,,
bengaluru bulls,u.p. yoddha,64.0,24.0,season 5,22.0,689.0,23.0,762.0
haryana steelers,puneri paltan,31.0,27.0,season 5,23.0,727.0,24.0,766.0
puneri paltan,jaipur pink panthers,38.0,15.0,season 5,24.0,766.0,,
gujarat fortunegiants,puneri paltan,23.0,22.0,season 5,24.0,775.0,24.0,766.0
puneri paltan,u.p. yoddha,40.0,38.0,season 5,24.0,766.0,23.0,762.0
patna pirates,haryana steelers,69.0,30.0,season 5,26.0,1050.0,23.0,727.0
gujarat fortunegiants,bengal warriors,42.0,17.0,season 5,24.0,775.0,24.0,749.0
patna pirates,puneri paltan,42.0,32.0,season 5,26.0,1050.0,24.0,766.0
patna pirates,bengal warriors,47.0,44.0,season 5,26.0,1050.0,24.0,749.0
patna pirates,gujarat fortunegiants,55.0,38.0,season 5,26.0,1050.0,24.0,775.0
tamil thalaivas,patna pirates,42.0,26.0,season 6,22.0,671.0,22.0,799.0
puneri paltan,haryana steelers,34.0,22.0,season 6,,,22.0,715.0
u.p. yoddha,tamil thalaivas,37.0,32.0,season 6,25.0,812.0,22.0,671.0
telugu titans,tamil thalaivas,33.0,28.0,season 6,,,22.0,671.0
u mumba,jaipur pink panthers,39.0,32.0,season 6,23.0,856.0,22.0,711.0
bengaluru bulls,tamil thalaivas,48.0,37.0,season 6,24.0,887.0,22.0,671.0
patna pirates,u.p. yoddha,43.0,41.0,season 6,22.0,799.0,25.0,812.0
bengal warriors,tamil thalaivas,36.0,27.0,season 6,23.0,725.0,22.0,671.0
haryana steelers,gujarat fortunegiants,32.0,25.0,season 6,22.0,715.0,25.0,876.0
dabang delhi,puneri paltan,41.0,37.0,season 6,24.0,822.0,,
telugu titans,u.p. yoddha,34.0,29.0,season 6,,,25.0,812.0
u mumba,haryana steelers,53.0,26.0,season 6,23.0,856.0,22.0,715.0
patna pirates,u.p. yoddha,43.0,37.0,season 6,22.0,799.0,25.0,812.0
puneri paltan,haryana steelers,45.0,27.0,season 6,,,22.0,715.0
bengal warriors,telugu titans,30.0,25.0,season 6,23.0,725.0,,
jaipur pink panthers,haryana steelers,36.0,33.0,season 6,22.0,711.0,22.0,715.0
bengaluru bulls,tamil thalaivas,44.0,35.0,season 6,24.0,887.0,22.0,671.0
u mumba,haryana steelers,42.0,32.0,season 6,23.0,856.0,22.0,715.0
haryana steelers,dabang delhi,34.0,31.0,season 6,22.0,715.0,24.0,822.0
gujarat fortunegiants,puneri paltan,34.0,28.0,season 6,25.0,876.0,,
telugu titans,patna pirates,35.0,31.0,season 6,,,22.0,799.0
puneri paltan,jaipur pink panthers,29.0,25.0,season 6,,,22.0,711.0
puneri paltan,u mumba,33.0,32.0,season 6,,,23.0,856.0
dabang delhi,bengal warriors,39.0,30.0,season 6,24.0,822.0,23.0,725.0
puneri paltan,bengaluru bulls,27.0,25.0,season 6,,,24.0,887.0
u mumba,telugu titans,41.0,20.0,season 6,23.0,856.0,,
tamil thalaivas,puneri paltan,36.0,31.0,season 6,22.0,671.0,,
bengaluru bulls,haryana steelers,42.0,34.0,season 6,24.0,887.0,22.0,715.0
u.p. yoddha,puneri paltan,29.0,23.0,season 6,25.0,812.0,,
patna pirates,jaipur pink panthers,41.0,30.0,season 6,22.0,799.0,22.0,711.0
gujarat fortunegiants,tamil thalaivas,36.0,25.0,season 6,25.0,876.0,22.0,671.0
bengal warriors,jaipur pink panthers,39.0,28.0,season 6,23.0,725.0,22.0,711.0
u mumba,patna pirates,40.0,39.0,season 6,23.0,856.0,22.0,799.0
u.p. yoddha,dabang delhi,38.0,36.0,season 6,25.0,812.0,24.0,822.0
haryana steelers,patna pirates,43.0,32.0,season 6,22.0,715.0,22.0,799.0
gujarat fortunegiants,puneri paltan,37.0,27.0,season 6,25.0,876.0,,
telugu titans,patna pirates,53.0,32.0,season 6,,,22.0,799.0
puneri paltan,dabang delhi,31.0,27.0,season 6,,,24.0,822.0
bengaluru bulls,patna pirates,43.0,41.0,season 6,24.0,887.0,22.0,799.0
patna pirates,bengal warriors,29.0,27.0,season 6,22.0,799.0,23.0,725.0
tamil thalaivas,u.p. yoddha,46.0,24.0,season 6,22.0,671.0,25.0,812.0
gujarat fortunegiants,jaipur pink panthers,36.0,25.0,season 6,25.0,876.0,22.0,711.0
u mumba,puneri paltan,31.0,22.0,season 6,23.0,856.0,,
bengaluru bulls,u.p. yoddha,35.0,29.0,season 6,24.0,887.0,25.0,812.0
gujarat fortunegiants,dabang delhi,45.0,38.0,season 6,25.0,876.0,24.0,822.0
jaipur pink panthers,haryana steelers,38.0,32.0,season 6,22.0,711.0,22.0,715.0
dabang delhi,haryana steelers,39.0,33.0,season 6,24.0,822.0,22.0,715.0
bengaluru bulls,u.p. yoddha,37.0,27.0,season 6,24.0,887.0,25.0,812.0
u mumba,jaipur pink panthers,48.0,24.0,season 6,23.0,856.0,22.0,711.0
bengal warriors,telugu titans,30.0,25.0,season 6,23.0,725.0,,
patna pirates,bengal warriors,50.0,30.0,season 6,22.0,799.0,23.0,725.0
gujarat fortunegiants,u mumba,38.0,36.0,season 6,25.0,876.0,23.0,856.0
dabang delhi,jaipur pink panthers,40.0,29.0,season 6,24.0,822.0,22.0,711.0
haryana steelers,u mumba,35.0,31.0,season 6,22.0,715.0,23.0,856.0
telugu titans,puneri paltan,28.0,25.0,season 6,,,,
u mumba,u.p. yoddha,41.0,24.0,season 6,23.0,856.0,25.0,812.0
u mumba,bengaluru bulls,32.0,29.0,season 6,23.0,856.0,24.0,887.0
patna pirates,dabang delhi,38.0,35.0,season 6,22.0,799.0,24.0,822.0
u mumba,tamil thalaivas,36.0,22.0,season 6,23.0,856.0,22.0,671.0
gujarat fortunegiants,bengal warriors,35.0,23.0,season 6,25.0,876.0,23.0,725.0
jaipur pink panthers,u.p. yoddha,45.0,28.0,season 6,22.0,711.0,25.0,812.0
bengal warriors,puneri paltan,26.0,22.0,season 6,23.0,725.0,,
bengaluru bulls,jaipur pink panthers,45.0,32.0,season 6,24.0,887.0,22.0,711.0
gujarat fortunegiants,u.p. yoddha,37.0,32.0,season 6,25.0,876.0,25.0,812.0
tamil thalaivas,telugu titans,27.0,23.0,season 6,22.0,671.0,,
dabang delhi,gujarat fortunegiants,29.0,26.0,season 6,24.0,822.0,25.0,876.0
patna pirates,tamil thalaivas,45.0,27.0,season 6,22.0,799.0,22.0,671.0
gujarat fortunegiants,u mumba,39.0,35.0,season 6,25.0,876.0,23.0,856.0
gujarat fortunegiants,haryana steelers,40.0,31.0,season 6,25.0,876.0,22.0,715.0
bengal warriors,bengaluru bulls,33.0,31.0,season 6,23.0,725.0,24.0,887.0
u mumba,dabang delhi,39.0,23.0,season 6,23.0,856.0,24.0,822.0
bengaluru bulls,tamil thalaivas,36.0,22.0,season 6,24.0,887.0,22.0,671.0
haryana steelers,dabang delhi,34.0,27.0,season 6,22.0,715.0,24.0,822.0
patna pirates,bengaluru bulls,35.0,32.0,season 6,22.0,799.0,24.0,887.0
tamil thalaivas,telugu titans,31.0,25.0,season 6,22.0,671.0,,
bengaluru bulls,u.p. yoddha,37.0,27.0,season 6,24.0,887.0,25.0,812.0
puneri paltan,haryana steelers,35.0,33.0,season 6,,,22.0,715.0
bengaluru bulls,telugu titans,34.0,26.0,season 6,24.0,887.0,,
gujarat fortunegiants,puneri paltan,35.0,20.0,season 6,25.0,876.0,,
bengal warriors,bengaluru bulls,44.0,37.0,season 6,23.0,725.0,24.0,887.0
dabang delhi,jaipur pink panthers,48.0,35.0,season 6,24.0,822.0,22.0,711.0
u mumba,dabang delhi,41.0,34.0,season 6,23.0,856.0,24.0,822.0
u mumba,gujarat fortunegiants,36.0,26.0,season 6,23.0,856.0,25.0,876.0
dabang delhi,puneri paltan,35.0,24.0,season 6,24.0,822.0,,
gujarat fortunegiants,patna pirates,45.0,27.0,season 6,25.0,876.0,22.0,799.0
dabang delhi,telugu titans,34.0,29.0,season 6,24.0,822.0,,
haryana steelers,bengal warriors,35.0,33.0,season 6,22.0,715.0,23.0,725.0
dabang delhi,bengaluru bulls,32.0,31.0,season 6,24.0,822.0,24.0,887.0
u.p. yoddha,haryana steelers,30.0,29.0,season 6,25.0,812.0,22.0,715.0
dabang delhi,tamil thalaivas,37.0,33.0,season 6,24.0,822.0,22.0,671.0
gujarat fortunegiants,telugu titans,29.0,27.0,season 6,25.0,876.0,,
patna pirates,puneri paltan,53.0,36.0,season 6,22.0,799.0,,
u mumba,bengal warriors,31.0,20.0,season 6,23.0,856.0,23.0,725.0
telugu titans,jaipur pink panthers,36.0,26.0,season 6,,,22.0,711.0
jaipur pink panthers,tamil thalaivas,37.0,24.0,season 6,22.0,711.0,22.0,671.0
telugu titans,haryana steelers,35.0,31.0,season 6,,,22.0,715.0
u mumba,dabang delhi,44.0,19.0,season 6,23.0,856.0,24.0,822.0
u.p. yoddha,telugu titans,27.0,20.0,season 6,25.0,812.0,,
gujarat fortunegiants,haryana steelers,47.0,37.0,season 6,25.0,876.0,22.0,715.0
bengaluru bulls,telugu titans,37.0,24.0,season 6,24.0,887.0,,
telugu titans,patna pirates,41.0,36.0,season 6,,,22.0,799.0
jaipur pink panthers,puneri paltan,36.0,23.0,season 6,22.0,711.0,,
bengal warriors,tamil thalaivas,28.0,21.0,season 6,23.0,725.0,22.0,671.0
u.p. yoddha,patna pirates,47.0,31.0,season 6,25.0,812.0,22.0,799.0
gujarat fortunegiants,jaipur pink panthers,34.0,29.0,season 6,25.0,876.0,22.0,711.0
bengaluru bulls,telugu titans,44.0,28.0,season 6,24.0,887.0,,
jaipur pink panthers,haryana steelers,39.0,30.0,season 6,22.0,711.0,22.0,715.0
gujarat fortunegiants,jaipur pink panthers,33.0,31.0,season 6,25.0,876.0,22.0,711.0
bengal warriors,tamil thalaivas,27.0,24.0,season 6,23.0,725.0,22.0,671.0
puneri paltan,telugu titans,35.0,20.0,season 6,,,,
u.p. yoddha,u mumba,34.0,32.0,season 6,25.0,812.0,23.0,856.0
bengal warriors,patna pirates,39.0,23.0,season 6,23.0,725.0,22.0,799.0
dabang delhi,bengal warriors,37.0,31.0,season 6,24.0,822.0,23.0,725.0
bengal warriors,telugu titans,39.0,34.0,season 6,23.0,725.0,,
gujarat fortunegiants,patna pirates,37.0,29.0,season 6,25.0,876.0,22.0,799.0
bengal warriors,bengaluru bulls,37.0,31.0,season 6,23.0,725.0,24.0,887.0
bengaluru bulls,jaipur pink panthers,40.0,32.0,season 6,24.0,887.0,22.0,711.0
u.p. yoddha,bengal warriors,41.0,25.0,season 6,25.0,812.0,23.0,725.0
u.p. yoddha,u mumba,34.0,29.0,season 6,25.0,812.0,23.0,856.0
dabang delhi,bengal warriors,39.0,28.0,season 6,24.0,822.0,23.0,725.0
bengaluru bulls,gujarat fortunegiants,41.0,29.0,season 6,24.0,887.0,25.0,876.0
u.p. yoddha,dabang delhi,45.0,33.0,season 6,25.0,812.0,24.0,822.0
gujarat fortunegiants,u.p. yoddha,38.0,31.0,season 6,25.0,876.0,25.0,812.0
bengaluru bulls,gujarat fortunegiants,38.0,33.0,season 6,24.0,887.0,25.0,876.0
u.p. yoddha,bengal warriors,32.0,29.0,season 7,,,18.0,636.0
bengaluru bulls,tamil thalaivas,33.0,27.0,season 7,17.0,582.0,18.0,525.0
haryana steelers,puneri paltan,41.0,27.0,season 7,16.0,543.0,18.0,578.0
telugu titans,tamil thalaivas,35.0,30.0,season 7,,,18.0,525.0
dabang delhi,jaipur pink panthers,46.0,44.0,season 7,16.0,567.0,18.0,552.0
bengaluru bulls,patna pirates,40.0,39.0,season 7,17.0,582.0,17.0,567.0
u.p. yoddha,patna pirates,41.0,29.0,season 7,,,17.0,567.0
bengaluru bulls,telugu titans,40.0,39.0,season 7,17.0,582.0,,
haryana steelers,dabang delhi,47.0,25.0,season 7,16.0,543.0,16.0,567.0
dabang delhi,tamil thalaivas,50.0,34.0,season 7,16.0,567.0,18.0,525.0
bengal warriors,puneri paltan,42.0,39.0,season 7,18.0,636.0,18.0,578.0
u.p. yoddha,gujarat fortunegiants,33.0,26.0,season 7,,,18.0,518.0
patna pirates,tamil thalaivas,51.0,25.0,season 7,17.0,567.0,18.0,525.0
u mumba,telugu titans,41.0,27.0,season 7,17.0,529.0,,
bengal warriors,u mumba,29.0,26.0,season 7,18.0,636.0,17.0,529.0
patna pirates,jaipur pink panthers,36.0,33.0,season 7,17.0,567.0,18.0,552.0
bengal warriors,bengaluru bulls,42.0,40.0,season 7,18.0,636.0,17.0,582.0
puneri paltan,gujarat fortunegiants,43.0,33.0,season 7,18.0,578.0,18.0,518.0
haryana steelers,tamil thalaivas,43.0,35.0,season 7,16.0,543.0,18.0,525.0
dabang delhi,gujarat fortunegiants,34.0,30.0,season 7,16.0,567.0,18.0,518.0
patna pirates,puneri paltan,55.0,33.0,season 7,17.0,567.0,18.0,578.0
u.p. yoddha,jaipur pink panthers,38.0,32.0,season 7,,,18.0,552.0
dabang delhi,telugu titans,37.0,29.0,season 7,16.0,567.0,,
u mumba,u.p. yoddha,39.0,36.0,season 7,17.0,529.0,,
bengal warriors,haryana steelers,48.0,36.0,season 7,18.0,636.0,16.0,543.0
puneri paltan,bengaluru bulls,42.0,38.0,season 7,18.0,578.0,17.0,582.0
u.p. yoddha,tamil thalaivas,42.0,22.0,season 7,,,18.0,525.0
u mumba,gujarat fortunegiants,31.0,25.0,season 7,17.0,529.0,18.0,518.0
bengal warriors,jaipur pink panthers,41.0,40.0,season 7,18.0,636.0,18.0,552.0
